train_rmse,train_mae,test_rmse,test_mae
47913.14612377598,37572.45033628776,47913.14612377598,37572.45033628776
